"","origin","host_family","host_genus","host_species","virus_genus","virus_subgenus","clean_hostnames"
"1","Anthony","Vespertilionidae","Myotis","Myotis_lucifugus","Alphacoronavirus","","Myotis_lucifugus"
"2","Anthony","Hipposideridae","Hipposideros","Hipposideros_caffer","Alphacoronavirus","","Hipposideros_caffer"
"3","Anthony","Pteropodidae","Rousettus","Rousettus_aegyptiacus","Alphacoronavirus","","Rousettus_aegyptiacus"
"4","Anthony","Hipposideridae","Hipposideros","Hipposideros_vittatus","Alphacoronavirus","","Hipposideros_vittatus"
"5","Anthony","Miniopteridae","Miniopterus","Miniopterus_fuliginosus","Alphacoronavirus","","Miniopterus_schreibersii"
"6","Anthony","Vespertilionidae","Myotis","Myotis_lucifugus","Alphacoronavirus","Colacovirus","Myotis_lucifugus"
"7","Anthony","Hipposideridae","Hipposideros","Hipposideros_abae","Alphacoronavirus","Duvinacovirus","Hipposideros_abae"
"8","Anthony","Hipposideridae","Hipposideros","Hipposideros_ruber","Alphacoronavirus","Duvinacovirus","Hipposideros_ruber"
"9","Anthony","Hipposideridae","Hipposideros","Hipposideros_caffer","Alphacoronavirus","Duvinacovirus","Hipposideros_caffer"
"10","Anthony","Miniopteridae","Miniopterus","Miniopterus_magnater","Alphacoronavirus","Minunacovirus","Miniopterus_magnater"
"11","Anthony","Miniopteridae","Miniopterus","Miniopterus_schreibersii","Alphacoronavirus","Minunacovirus","Miniopterus_schreibersii"
"12","Anthony","Miniopteridae","Miniopterus","Miniopterus_fuliginosus","Alphacoronavirus","Minunacovirus","Miniopterus_schreibersii"
"13","Anthony","Vespertilionidae","Myotis","Myotis_ricketti","Alphacoronavirus","","Myotis_ricketti"
"14","Anthony","Vespertilionidae","Nyctalus","Nyctalus_plancyi","Alphacoronavirus","","Nyctalus_plancyi"
"15","Anthony","Vespertilionidae","Scotophilus","Scotophilus_kuhlii","Alphacoronavirus","Pedacovirus","Scotophilus_kuhlii"
"16","Anthony","Vespertilionidae","Pipistrellus","Pipistrellus_coromandra","Alphacoronavirus","Pedacovirus","Pipistrellus_coromandra"
"17","Anthony","Vespertilionidae","Myotis","Myotis_horsfieldii","Alphacoronavirus","Pedacovirus","Myotis_horsfieldii"
"18","Anthony","Rhinolophidae","Rhinolophus","Rhinolophus_rex","Alphacoronavirus","Rhinacovirus","Rhinolophus_rex"
"19","Anthony","Hipposideridae","Hipposideros","Hipposideros_pratti","Alphacoronavirus","Rhinacovirus","Hipposideros_pratti"
"20","Anthony","Rhinolophidae","Rhinolophus","Rhinolophus_ferrumequinum","Alphacoronavirus","","Rhinolophus_ferrumequinum"
"21","Anthony","Pteropodidae","Pteropus","Pteropus_giganteus","Alphacoronavirus","Tegacovirus","Pteropus_giganteus"
"22","Anthony","Vespertilionidae","Myotis","Myotis_davidii","Alphacoronavirus","","Myotis_davidii"
"23","Anthony","Miniopteridae","Miniopterus","Miniopterus_schreibersii","Alphacoronavirus","","Miniopterus_schreibersii"
"24","Anthony","Vespertilionidae","Murina","Murina_leucogaster","Alphacoronavirus","","Murina_leucogaster"
"25","Anthony","Hipposideridae","Hipposideros","Hipposideros_larvatus","Alphacoronavirus","","Hipposideros_larvatus"
"26","Anthony","Molossidae","Chaerephon","Chaerephon_pumilus","Alphacoronavirus","","Chaerephon_pumilus"
"27","Anthony","Miniopteridae","Miniopterus","Miniopterus_inflatus","Alphacoronavirus","","Miniopterus_inflatus"
"28","Anthony","Miniopteridae","Miniopterus","Miniopterus_natalensis","Alphacoronavirus","","Miniopterus_natalensis"
"29","Anthony","Mystacinidae","Mystacina","Mystacina_tuberculata","Alphacoronavirus","","Mystacina_tuberculata"
"30","Anthony","Hipposideridae","Hipposideros","Hipposideros_diadema","Alphacoronavirus","","Hipposideros_diadema"
"31","Anthony","Hipposideridae","Hipposideros","Hipposideros_bicolor","Alphacoronavirus","","Hipposideros_bicolor"
"32","Anthony","Hipposideridae","Hipposideros","Hipposideros_gigas","Alphacoronavirus","","Hipposideros_gigas"
"33","Anthony","Hipposideridae","Triaenops","Triaenops_persicus","Alphacoronavirus","","Triaenops_persicus"
"34","Anthony","Hipposideridae","Triaenops","Triaenops_afer","Alphacoronavirus","","Triaenops_persicus"
"35","Anthony","Phyllostomidae","Sturnira","Sturnira_erythromos","Alphacoronavirus","","Sturnira_erythromos"
"36","Anthony","Phyllostomidae","Anoura","Anoura_caudifer","Alphacoronavirus","","Anoura_caudifer"
"37","Anthony","Phyllostomidae","Sturnira","Sturnira_lilium","Alphacoronavirus","","Sturnira_lilium"
"38","Anthony","Phyllostomidae","Artibeus","Artibeus_lituratus","Alphacoronavirus","","Artibeus_lituratus"
"39","Anthony","Phyllostomidae","Glossophaga","Glossophaga_soricina","Alphacoronavirus","","Glossophaga_soricina"
"40","Anthony","Phyllostomidae","Lichonycteris","Lichonycteris_obscura","Alphacoronavirus","","Lichonycteris_obscura"
"41","Anthony","Rhinolophidae","Rhinolophus","Rhinolophus_shameli","Alphacoronavirus","","Rhinolophus_shameli"
"42","Anthony","Vespertilionidae","Scotophilus","Scotophilus_kuhlii","Alphacoronavirus","","Scotophilus_kuhlii"
"43","Anthony","Vespertilionidae","Pipistrellus","Pipistrellus_coromandra","Alphacoronavirus","","Pipistrellus_coromandra"
"44","Anthony","Miniopteridae","Miniopterus","Miniopterus_magnater","Alphacoronavirus","","Miniopterus_magnater"
"45","Anthony","Rhinolophidae","Rhinolophus","Rhinolophus_coelophyllus","Alphacoronavirus","","Rhinolophus_coelophyllus"
"46","Anthony","Hipposideridae","Hipposideros","Hipposideros_lekaguli","Alphacoronavirus","","Hipposideros_lekaguli"
"47","Anthony","Phyllostomidae","Artibeus","Artibeus_planirostris","Alphacoronavirus","","Artibeus_jamaicensis"
"48","Anthony","Vespertilionidae","Pipistrellus","Pipistrellus_pipistrellus","Alphacoronavirus","","Pipistrellus_pipistrellus"
"49","Anthony","Vespertilionidae","Myotis","Myotis_daubentonii","Alphacoronavirus","","Myotis_daubentonii"
"50","Anthony","Vespertilionidae","Myotis","Myotis_longipes","Alphacoronavirus","","Myotis_longipes"
"51","Anthony","Vespertilionidae","Myotis","Myotis_myotis","Alphacoronavirus","","Myotis_myotis"
"52","Anthony","Rhinolophidae","Rhinolophus","Rhinolophus_sinicus","Alphacoronavirus","","Rhinolophus_sinicus"
"53","Anthony","Rhinolophidae","Rhinolophus","Rhinolophus_affinis","Alphacoronavirus","","Rhinolophus_affinis"
"54","Anthony","Vespertilionidae","Scotophilus","Scotophilus_dinganii","Alphacoronavirus","","Scotophilus_dinganii"
"55","Anthony","Phyllostomidae","Mesophylla","Mesophylla_macconnelli","Alphacoronavirus","","Mesophylla_macconnelli"
"56","Anthony","Vespertilionidae","Scotophilus","Scotophilus_leucogaster","Alphacoronavirus","","Scotophilus_leucogaster"
"57","Anthony","Molossidae","Mops","Mops_condylurus","Alphacoronavirus","","Mops_condylurus"
"58","Anthony","Vespertilionidae","Scotophilus","Scotophilus_nux","Alphacoronavirus","","Scotophilus_nux"
"59","Anthony","Pteropodidae","Pteropus","Pteropus_giganteus","Alphacoronavirus","","Pteropus_giganteus"
"60","Anthony","Pteropodidae","Eonycteris","Eonycteris_spelaea","Alphacoronavirus","","Eonycteris_spelaea"
"61","Anthony","Hipposideridae","Hipposideros","Hipposideros_armiger","Alphacoronavirus","","Hipposideros_armiger"
"62","Anthony","Vespertilionidae","Eptesicus","Eptesicus_fuscus","Alphacoronavirus","","Eptesicus_fuscus"
"63","Anthony","Rhinolophidae","Rhinolophus","Rhinolophus_euryale","Alphacoronavirus","","Rhinolophus_euryale"
"64","Anthony","Miniopteridae","Miniopterus","Miniopterus_australis","Alphacoronavirus","","Miniopterus_australis"
"65","Anthony","Rhinolophidae","Rhinolophus","Rhinolophus_megaphyllus","Alphacoronavirus","","Rhinolophus_megaphyllus"
"66","Anthony","Vespertilionidae","Myotis","Myotis_macropus","Alphacoronavirus","","Myotis_macropus"
"67","Anthony","Rhinopomatidae","Rhinopoma","Rhinopoma_hardwickii","Alphacoronavirus","","Rhinopoma_hardwickii"
"68","Anthony","Vespertilionidae","Pipistrellus","Pipistrellus_kuhlii","Alphacoronavirus","","Pipistrellus_kuhlii"
"69","Anthony","Pteropodidae","Cynopterus","Cynopterus_sphinx","Alphacoronavirus","","Cynopterus_sphinx"
"70","Anthony","Vespertilionidae","Tylonycteris","Tylonycteris_robustula","Alphacoronavirus","","Tylonycteris_robustula"
"71","Anthony","Vespertilionidae","Myotis","Myotis_velifer","Alphacoronavirus","","Myotis_velifer"
"72","Anthony","Molossidae","Tadarida","Tadarida_brasiliensis","Alphacoronavirus","","Tadarida_brasiliensis"
"73","Anthony","Phyllostomidae","Carollia","Carollia_sowelli","Alphacoronavirus","","Carollia_brevicauda"
"74","Anthony","Phyllostomidae","Artibeus","Artibeus_jamaicensis","Alphacoronavirus","","Artibeus_jamaicensis"
"75","Anthony","Phyllostomidae","Carollia","Carollia_perspicillata","Alphacoronavirus","","Carollia_perspicillata"
"76","Anthony","Phyllostomidae","Lonchorhina","Lonchorhina_aurita","Alphacoronavirus","","Lonchorhina_aurita"
"77","Anthony","Vespertilionidae","Myotis","Myotis_riparius","Alphacoronavirus","","Myotis_riparius"
"78","Anthony","Vespertilionidae","Myotis","Myotis_nigricans","Alphacoronavirus","","Myotis_nigricans"
"79","Anthony","Molossidae","Molossus","Molossus_rufus","Alphacoronavirus","","Molossus_rufus"
"80","Anthony","Vespertilionidae","Myotis","Myotis_nattereri","Alphacoronavirus","","Myotis_nattereri"
"81","Anthony","Megadermatidae","Cardioderma","Cardioderma_cor","Alphacoronavirus","","Cardioderma_cor"
"82","Anthony","Vespertilionidae","Myotis","Myotis_horsfieldii","Alphacoronavirus","","Myotis_horsfieldii"
"83","Anthony","Pteropodidae","Epomophorus","Epomophorus_gambianus","Alphacoronavirus","","Epomophorus_gambianus"
"84","Anthony","Vespertilionidae","Pipistrellus","Pipistrellus_inexspectatus","Alphacoronavirus","","Pipistrellus_inexspectatus"
"85","Anthony","Pteropodidae","Micropteropus","Micropteropus_pusillus","Alphacoronavirus","","Micropteropus_pusillus"
"86","Anthony","Pteropodidae","Megaloglossus","Megaloglossus_woermanni","Alphacoronavirus","","Megaloglossus_woermanni"
"87","Anthony","Pteropodidae","Eidolon","Eidolon_helvum","Alphacoronavirus","","Eidolon_helvum"
"88","Anthony","Vespertilionidae","Myotis","Myotis_emarginatus","Alphacoronavirus","","Myotis_emarginatus"
"89","Anthony","Molossidae","Cynomops","Cynomops_abrasus","Alphacoronavirus","","Cynomops_abrasus"
"90","Anthony","Molossidae","Cynomops","Cynomops_planirostris","Alphacoronavirus","","Cynomops_planirostris"
"91","Anthony","Phyllostomidae","Desmodus","Desmodus_rotundus","Alphacoronavirus","","Desmodus_rotundus"
"92","Anthony","Vespertilionidae","Perimyotis","Perimyotis_subflavus","Alphacoronavirus","","Pipistrellus_subflavus"
"93","Anthony","Vespertilionidae","Chalinolobus","Chalinolobus_gouldii","Alphacoronavirus","","Chalinolobus_gouldii"
"94","Anthony","Vespertilionidae","Falsistrellus","Falsistrellus_mackenziei","Alphacoronavirus","","Falsistrellus_mackenziei"
"95","Anthony","Vespertilionidae","Vespadelus","Vespadelus_regulus","Alphacoronavirus","","Vespadelus_regulus"
"96","Anthony","Vespertilionidae","Vespadelus","Vespadelus_baverstocki","Alphacoronavirus","","Vespadelus_baverstocki"
"97","Anthony","Vespertilionidae","Chalinolobus","Chalinolobus_morio","Alphacoronavirus","","Chalinolobus_morio"
"98","Anthony","Vespertilionidae","Neoromicia","Neoromicia_capensis","Alphacoronavirus","","Neoromicia_capensis"
"99","Anthony","Vespertilionidae","Myotis","Myotis_brandtii","Alphacoronavirus","","Myotis_brandtii"
"100","Anthony","Rhinolophidae","Rhinolophus","Rhinolophus_capensis","Alphacoronavirus","","Rhinolophus_capensis"
"101","Anthony","Vespertilionidae","Neoromicia","Neoromicia_nana","Alphacoronavirus","","Neoromicia_nanus"
"102","Anthony","Rhinolophidae","Rhinolophus","Rhinolophus_clivosus","Alphacoronavirus","","Rhinolophus_clivosus"
"103","Anthony","Rhinolophidae","Rhinolophus","Rhinolophus_simulator","Alphacoronavirus","","Rhinolophus_simulator"
"104","Anthony","Vespertilionidae","Myotis","Myotis_punicus","Alphacoronavirus","","Myotis_punicus"
"105","Anthony","Vespertilionidae","Eptesicus","Eptesicus_serotinus","Alphacoronavirus","","Eptesicus_serotinus"
"106","Anthony","Vespertilionidae","Myotis","Myotis_capaccinii","Alphacoronavirus","","Myotis_capaccinii"
"107","Anthony","Vespertilionidae","Pipistrellus","Pipistrellus_abramus","Alphacoronavirus","","Pipistrellus_abramus"
"108","Anthony","Vespertilionidae","Myotis","Myotis_volans","Alphacoronavirus","","Myotis_volans"
"109","Anthony","Rhinolophidae","Rhinolophus","Rhinolophus_stheno","Alphacoronavirus","","Rhinolophus_stheno"
"110","Anthony","Pteropodidae","Rousettus","Rousettus_leschenaultii","Alphacoronavirus","","Rousettus_leschenaultii"
"111","Anthony","Hipposideridae","Hipposideros","Hipposideros_pomona","Alphacoronavirus","","Hipposideros_pomona"
"112","Anthony","Vespertilionidae","Myotis","Myotis_blythii","Alphacoronavirus","","Myotis_blythii"
"113","Anthony","Vespertilionidae","Hypsugo","Hypsugo_savii","Alphacoronavirus","","Hypsugo_savii"
"114","Anthony","Vespertilionidae","Nyctalus","Nyctalus_lasiopterus","Alphacoronavirus","","Nyctalus_lasiopterus"
"115","Anthony","Hipposideridae","Hipposideros","Hipposideros_larvatus","Alphacoronavirus","Decacovirus","Hipposideros_larvatus"
"116","Anthony","Hipposideridae","Hipposideros","Hipposideros_pomona","Alphacoronavirus","Decacovirus","Hipposideros_pomona"
"117","Anthony","Pteropodidae","Rousettus","Rousettus_aegyptiacus","Alphacoronavirus","Duvinacovirus","Rousettus_aegyptiacus"
"118","Anthony","Miniopteridae","Miniopterus","Miniopterus_pusillus","Alphacoronavirus","Minunacovirus","Miniopterus_pusillus"
"119","Anthony","Rhinolophidae","Rhinolophus","Rhinolophus_affinis","Alphacoronavirus","Rhinacovirus","Rhinolophus_affinis"
"120","HP3","Hipposideridae","Hipposideros","Hipposideros_caffer","Alphavirus","","Hipposideros_caffer"
"121","HP3","Pteropodidae","Rousettus","Rousettus_aegyptiacus","Alphavirus","","Rousettus_aegyptiacus"
"122","HP3","Pteropodidae","Rousettus","Rousettus_leschenaultii","Alphavirus","","Rousettus_leschenaultii"
"123","HP3","Vespertilionidae","Scotophilus","Scotophilus_kuhlii","Alphavirus","","Scotophilus_kuhlii"
"124","HP3","Molossidae","Chaerephon","Chaerephon_pusillus","Alphavirus","","Chaerephon_pumilus"
"125","HP3","Phyllostomidae","Artibeus","Artibeus_jamaicensis","Alphavirus","","Artibeus_jamaicensis"
"126","HP3","Phyllostomidae","Artibeus","Artibeus_lituratus","Alphavirus","","Artibeus_lituratus"
"127","HP3","Phyllostomidae","Carollia","Carollia_perspicillata","Alphavirus","","Carollia_perspicillata"
"128","HP3","Vespertilionidae","Eptesicus","Eptesicus_fuscus","Alphavirus","","Eptesicus_fuscus"
"129","HP3","Phyllostomidae","Glossophaga","Glossophaga_soricina","Alphavirus","","Glossophaga_soricina"
"130","HP3","Vespertilionidae","Lasiurus","Lasiurus_cinereus","Alphavirus","","Lasiurus_cinereus"
"131","HP3","Vespertilionidae","Myotis","Myotis_keenii","Alphavirus","","Myotis_keenii"
"132","HP3","Vespertilionidae","Myotis","Myotis_lucifugus","Alphavirus","","Myotis_lucifugus"
"133","HP3","Vespertilionidae","Myotis","Myotis_septentrionalis","Alphavirus","","Myotis_septentrionalis"
"134","HP3","Phyllostomidae","Phyllostomus","Phyllostomus_hastatus","Alphavirus","","Phyllostomus_hastatus"
"135","HP3","Phyllostomidae","Platyrrhinus","Platyrrhinus_helleri","Alphavirus","","Platyrrhinus_helleri"
"136","HP3","Emballonuridae","Rhynchonycteris","Rhynchonycteris_naso","Alphavirus","","Rhynchonycteris_naso"
"137","HP3","Phyllostomidae","Sturnira","Sturnira_lilium","Alphavirus","","Sturnira_lilium"
"138","HP3","Molossidae","Tadarida","Tadarida_brasiliensis","Alphavirus","","Tadarida_brasiliensis"
"139","HP3","Molossidae","Molossus","Molossus_rufus","Alphavirus","","Molossus_rufus"
"140","HP3","Pteropodidae","Pteropus","Pteropus_alecto","Alphavirus","","Pteropus_alecto"
"141","HP3","Phyllostomidae","Dermanura","Dermanura_phaeotis","Alphavirus","","Artibeus_phaeotis"
"142","HP3","Phyllostomidae","Carollia","Carollia_brevicauda","Alphavirus","","Carollia_brevicauda"
"143","HP3","Phyllostomidae","Carollia","Carollia_subrufa","Alphavirus","","Carollia_subrufa"
"144","HP3","Phyllostomidae","Desmodus","Desmodus_rotundus","Alphavirus","","Desmodus_rotundus"
"145","HP3","Phyllostomidae","Glossophaga","Glossophaga_commissarisi","Alphavirus","","Glossophaga_commissarisi"
"146","HP3","Vespertilionidae","Myotis","Myotis_nigricans","Alphavirus","","Myotis_nigricans"
"147","HP3","Phyllostomidae","Phyllostomus","Phyllostomus_discolor","Alphavirus","","Phyllostomus_discolor"
"148","HP3","Phyllostomidae","Sturnira","Sturnira_ludovici","Alphavirus","","Sturnira_ludovici"
"149","HP3","Phyllostomidae","Uroderma","Uroderma_bilobatum","Alphavirus","","Uroderma_bilobatum"
"150","Anthony","Hipposideridae","Hipposideros","Hipposideros_pratti","Betacoronavirus","","Hipposideros_pratti"
"151","Anthony","Rhinolophidae","Rhinolophus","Rhinolophus_sinicus","Betacoronavirus","","Rhinolophus_sinicus"
"152","Anthony","Rhinolophidae","Rhinolophus","Rhinolophus_ferrumequinum","Betacoronavirus","","Rhinolophus_ferrumequinum"
"153","Anthony","Hipposideridae","Aselliscus","Aselliscus_stoliczkanus","Betacoronavirus","","Aselliscus_stoliczkanus"
"154","Anthony","Molossidae","Chaerephon","Chaerephon_plicatus","Betacoronavirus","","Chaerephon_plicatus"
"155","Anthony","Rhinolophidae","Rhinolophus","Rhinolophus_pusillus","Betacoronavirus","","Rhinolophus_pusillus"
"156","Anthony","Vespertilionidae","Hypsugo","Hypsugo_savii","Betacoronavirus","","Hypsugo_savii"
"157","Anthony","Vespertilionidae","Neoromicia","Neoromicia_capensis","Betacoronavirus","","Neoromicia_capensis"
"158","Anthony","Vespertilionidae","Pipistrellus","Pipistrellus_kuhlii","Betacoronavirus","","Pipistrellus_kuhlii"
"159","Anthony","Pteropodidae","Rousettus","Rousettus_leschenaultii","Betacoronavirus","","Rousettus_leschenaultii"
"160","Anthony","Vespertilionidae","Tylonycteris","Tylonycteris_pachypus","Betacoronavirus","","Tylonycteris_pachypus"
"161","Anthony","Vespertilionidae","Pipistrellus","Pipistrellus_abramus","Betacoronavirus","","Pipistrellus_abramus"
"162","Anthony","Vespertilionidae","Vespertilio","Vespertilio_sinensis","Betacoronavirus","","Vespertilio_sinensis"
"163","Anthony","Vespertilionidae","Myotis","Myotis_emarginatus","Betacoronavirus","","Myotis_emarginatus"
"164","Anthony","Pteropodidae","Pteropus","Pteropus_alecto","Betacoronavirus","Embecovirus","Pteropus_alecto"
"165","Anthony","Vespertilionidae","Neoromicia","Neoromicia_capensis","Betacoronavirus","Merbecovirus","Neoromicia_capensis"
"166","Anthony","Vespertilionidae","Pipistrellus","Pipistrellus_hesperidus","Betacoronavirus","Merbecovirus","Pipistrellus_hesperidus"
"167","Anthony","Vespertilionidae","Pipistrellus","Pipistrellus_pipistrellus","Betacoronavirus","Merbecovirus","Pipistrellus_pipistrellus"
"168","Anthony","Vespertilionidae","Tylonycteris","Tylonycteris_pachypus","Betacoronavirus","Merbecovirus","Tylonycteris_pachypus"
"169","Anthony","Vespertilionidae","Vespertilio","Vespertilio_sinensis","Betacoronavirus","Merbecovirus","Vespertilio_sinensis"
"170","Anthony","Pteropodidae","Rousettus","Rousettus_aegyptiacus","Betacoronavirus","Nobecovirus","Rousettus_aegyptiacus"
"171","Anthony","Pteropodidae","Eidolon","Eidolon_helvum","Betacoronavirus","Nobecovirus","Eidolon_helvum"
"172","Anthony","Pteropodidae","Eonycteris","Eonycteris_spelaea","Betacoronavirus","Nobecovirus","Eonycteris_spelaea"
"173","Anthony","Pteropodidae","Rousettus","Rousettus_amplexicaudatus","Betacoronavirus","Nobecovirus","Rousettus_amplexicaudatus"
"174","Anthony","Pteropodidae","Rousettus","Rousettus_leschenaultii","Betacoronavirus","Nobecovirus","Rousettus_leschenaultii"
"175","Anthony","Rhinolophidae","Rhinolophus","Rhinolophus_sinicus","Betacoronavirus","Sarbecovirus","Rhinolophus_sinicus"
"176","Anthony","Rhinolophidae","Rhinolophus","Rhinolophus_ferrumequinum","Betacoronavirus","Sarbecovirus","Rhinolophus_ferrumequinum"
"177","Anthony","Rhinolophidae","Rhinolophus","Rhinolophus_affinis","Betacoronavirus","Sarbecovirus","Rhinolophus_affinis"
"178","Anthony","Rhinolophidae","Rhinolophus","Rhinolophus_macrotis","Betacoronavirus","Sarbecovirus","Rhinolophus_macrotis"
"179","Anthony","Rhinolophidae","Rhinolophus","Rhinolophus_monoceros","Betacoronavirus","Sarbecovirus","Rhinolophus_monoceros"
"180","Anthony","Rhinolophidae","Rhinolophus","Rhinolophus_rex","Betacoronavirus","Sarbecovirus","Rhinolophus_rex"
"181","Anthony","Rhinolophidae","Rhinolophus","Rhinolophus_pearsonii","Betacoronavirus","Sarbecovirus","Rhinolophus_pearsonii"
"182","Anthony","Miniopteridae","Miniopterus","Miniopterus_schreibersii","Betacoronavirus","Sarbecovirus","Miniopterus_schreibersii"
"183","Anthony","Rhinolophidae","Rhinolophus","Rhinolophus_thomasi","Betacoronavirus","Sarbecovirus","Rhinolophus_thomasi"
"184","Anthony","Rhinolophidae","Rhinolophus","Rhinolophus_cornutus","Betacoronavirus","Sarbecovirus","Rhinolophus_cornutus"
"185","Anthony","Hipposideridae","Hipposideros","Hipposideros_armiger","Betacoronavirus","Sarbecovirus","Hipposideros_armiger"
"186","HP3","Rhinolophidae","Rhinolophus","Rhinolophus_blasii","Betacoronavirus","","Rhinolophus_blasii"
"187","HP3","Rhinolophidae","Rhinolophus","Rhinolophus_euryale","Betacoronavirus","","Rhinolophus_euryale"
"188","HP3","Rhinolophidae","Rhinolophus","Rhinolophus_ferrumequinum","Betacoronavirus","","Rhinolophus_ferrumequinum"
"189","HP3","Rhinolophidae","Rhinolophus","Rhinolophus_macrotis","Betacoronavirus","","Rhinolophus_macrotis"
"190","HP3","Rhinolophidae","Rhinolophus","Rhinolophus_mehelyi","Betacoronavirus","","Rhinolophus_mehelyi"
"191","HP3","Rhinolophidae","Rhinolophus","Rhinolophus_pearsonii","Betacoronavirus","","Rhinolophus_pearsonii"
"192","HP3","Rhinolophidae","Rhinolophus","Rhinolophus_pusillus","Betacoronavirus","","Rhinolophus_pusillus"
"193","HP3","Rhinolophidae","Rhinolophus","Rhinolophus_sinicus","Betacoronavirus","","Rhinolophus_sinicus"
"194","HP3","Pteropodidae","Rousettus","Rousettus_leschenaultii","Betacoronavirus","","Rousettus_leschenaultii"
"195","Anthony","Hipposideridae","Hipposideros","Hipposideros_commersonii","Betacoronavirus","","Hipposideros_commersoni"
"196","Anthony","Pteropodidae","Rousettus","Rousettus_aegyptiacus","Betacoronavirus","","Rousettus_aegyptiacus"
"197","Anthony","Pteropodidae","Cynopterus","Cynopterus_brachyotis","Betacoronavirus","","Cynopterus_brachyotis"
"198","Anthony","Hipposideridae","Hipposideros","Hipposideros_galeritus","Betacoronavirus","","Hipposideros_galeritus"
"199","Anthony","Rhinolophidae","Rhinolophus","Rhinolophus_creaghi","Betacoronavirus","","Rhinolophus_creaghi"
"200","Anthony","Pteropodidae","Dyacopterus","Dyacopterus_spadiceus","Betacoronavirus","","Dyacopterus_spadiceus"
"201","Anthony","Pteropodidae","Cynopterus","Cynopterus_horsfieldii","Betacoronavirus","","Cynopterus_horsfieldii"
"202","Anthony","Hipposideridae","Hipposideros","Hipposideros_caffer","Betacoronavirus","","Hipposideros_caffer"
"203","Anthony","Pteropodidae","Megaloglossus","Megaloglossus_woermanni","Betacoronavirus","","Megaloglossus_woermanni"
"204","Anthony","Hipposideridae","Hipposideros","Hipposideros_ruber","Betacoronavirus","","Hipposideros_ruber"
"205","Anthony","Pteropodidae","Pteropus","Pteropus_giganteus","Betacoronavirus","","Pteropus_giganteus"
"206","Anthony","Rhinolophidae","Rhinolophus","Rhinolophus_clivosus","Betacoronavirus","","Rhinolophus_clivosus"
"207","Anthony","Phyllostomidae","Artibeus","Artibeus_obscurus","Betacoronavirus","","Artibeus_obscurus"
"208","Anthony","Mormoopidae","Pteronotus","Pteronotus_parnellii","Betacoronavirus","","Pteronotus_parnellii"
"209","Anthony","Pteropodidae","Megaerops","Megaerops_niphanae","Betacoronavirus","","Megaerops_niphanae"
"210","Anthony","Pteropodidae","Cynopterus","Cynopterus_sphinx","Betacoronavirus","","Cynopterus_sphinx"
"211","Anthony","Vespertilionidae","Myotis","Myotis_ricketti","Betacoronavirus","","Myotis_ricketti"
"212","Anthony","Vespertilionidae","Pipistrellus","Pipistrellus_pipistrellus","Betacoronavirus","","Pipistrellus_pipistrellus"
"213","Anthony","Pteropodidae","Pteropus","Pteropus_alecto","Betacoronavirus","","Pteropus_alecto"
"214","Anthony","Molossidae","Mops","Mops_condylurus","Betacoronavirus","","Mops_condylurus"
"215","Anthony","Pteropodidae","Epomops","Epomops_franqueti","Betacoronavirus","","Epomops_franqueti"
"216","Anthony","Pteropodidae","Eonycteris","Eonycteris_spelaea","Betacoronavirus","","Eonycteris_spelaea"
"217","Anthony","Hipposideridae","Rhinonicteris","Rhinonicteris_aurantia","Betacoronavirus","","Rhinonicteris_aurantia"
"218","Anthony","Rhinolophidae","Rhinolophus","Rhinolophus_euryale","Betacoronavirus","","Rhinolophus_euryale"
"219","Anthony","Pteropodidae","Dobsonia","Dobsonia_moluccensis","Betacoronavirus","","Dobsonia_moluccensis"
"220","Anthony","Emballonuridae","Taphozous","Taphozous_perforatus","Betacoronavirus","","Taphozous_perforatus"
"221","Anthony","Rhinopomatidae","Rhinopoma","Rhinopoma_hardwickii","Betacoronavirus","","Rhinopoma_hardwickii"
"222","Anthony","Pteropodidae","Ptenochirus","Ptenochirus_jagori","Betacoronavirus","","Ptenochirus_jagori"
"223","Anthony","Vespertilionidae","Pipistrellus","Pipistrellus_nathusii","Betacoronavirus","","Pipistrellus_nathusii"
"224","Anthony","Vespertilionidae","Pipistrellus","Pipistrellus_pygmaeus","Betacoronavirus","","Pipistrellus_pygmaeus"
"225","Anthony","Rhinolophidae","Rhinolophus","Rhinolophus_affinis","Betacoronavirus","","Rhinolophus_affinis"
"226","Anthony","Phyllostomidae","Artibeus","Artibeus_lituratus","Betacoronavirus","","Artibeus_lituratus"
"227","Anthony","Phyllostomidae","Dermanura","Dermanura_phaeotis","Betacoronavirus","","Artibeus_phaeotis"
"228","Anthony","Molossidae","Nyctinomops","Nyctinomops_laticaudatus","Betacoronavirus","","Nyctinomops_laticaudatus"
"229","Anthony","Molossidae","Eumops","Eumops_glaucinus","Betacoronavirus","","Eumops_glaucinus"
"230","Anthony","Vespertilionidae","Myotis","Myotis_dasycneme","Betacoronavirus","","Myotis_dasycneme"
"231","Anthony","Vespertilionidae","Myotis","Myotis_daubentonii","Betacoronavirus","","Myotis_daubentonii"
"232","Anthony","Vespertilionidae","Nyctalus","Nyctalus_noctula","Betacoronavirus","","Nyctalus_noctula"
"233","Anthony","Pteropodidae","Pteropus","Pteropus_rufus","Betacoronavirus","","Pteropus_rufus"
"234","Anthony","Pteropodidae","Eidolon","Eidolon_dupreanum","Betacoronavirus","","Eidolon_dupreanum"
"235","Anthony","Mormoopidae","Pteronotus","Pteronotus_davyi","Betacoronavirus","","Pteronotus_davyi"
"236","Anthony","Pteropodidae","Eidolon","Eidolon_helvum","Betacoronavirus","","Eidolon_helvum"
"237","Anthony","Pteropodidae","Micropteropus","Micropteropus_pusillus","Betacoronavirus","","Micropteropus_pusillus"
"238","Anthony","Hipposideridae","Triaenops","Triaenops_persicus","Betacoronavirus","","Triaenops_persicus"
"239","Anthony","Pteropodidae","Epomophorus","Epomophorus_labiatus","Betacoronavirus","","Epomophorus_labiatus"
"240","Anthony","Pteropodidae","Epomophorus","Epomophorus_gambianus","Betacoronavirus","","Epomophorus_gambianus"
"241","Anthony","Vespertilionidae","Scotophilus","Scotophilus_dinganii","Betacoronavirus","","Scotophilus_dinganii"
"242","Anthony","Vespertilionidae","Scotophilus","Scotophilus_leucogaster","Betacoronavirus","","Scotophilus_leucogaster"
"243","Anthony","Vespertilionidae","Ia","Ia_io","Betacoronavirus","","Ia_io"
"244","Anthony","Hipposideridae","Hipposideros","Hipposideros_armiger","Betacoronavirus","","Hipposideros_armiger"
"245","Anthony","Rhinolophidae","Rhinolophus","Rhinolophus_hipposideros","Betacoronavirus","","Rhinolophus_hipposideros"
"246","Anthony","Rhinolophidae","Rhinolophus","Rhinolophus_blasii","Betacoronavirus","","Rhinolophus_blasii"
"247","Anthony","Vespertilionidae","Eptesicus","Eptesicus_nilssonii","Betacoronavirus","","Eptesicus_nilssonii"
"248","Anthony","Vespertilionidae","Pipistrellus","Pipistrellus_hesperidus","Betacoronavirus","","Pipistrellus_hesperidus"
"249","Anthony","Vespertilionidae","Eptesicus","Eptesicus_serotinus","Betacoronavirus","","Eptesicus_serotinus"
"250","Anthony","Phyllostomidae","Carollia","Carollia_perspicillata","Betacoronavirus","","Carollia_perspicillata"
"251","Anthony","Vespertilionidae","Pipistrellus","Pipistrellus_abramus","Betacoronavirus","Merbecovirus","Pipistrellus_abramus"
"252","HP3","Pteropodidae","Rousettus","Rousettus_amplexicaudatus","Ebolavirus","","Rousettus_amplexicaudatus"
"253","HP3","Pteropodidae","Rousettus","Rousettus_leschenaultii","Ebolavirus","","Rousettus_leschenaultii"
"254","HP3","Pteropodidae","Eidolon","Eidolon_helvum","Ebolavirus","","Eidolon_helvum"
"255","HP3","Pteropodidae","Epomops","Epomops_franqueti","Ebolavirus","","Epomops_franqueti"
"256","HP3","Pteropodidae","Hypsignathus","Hypsignathus_monstrosus","Ebolavirus","","Hypsignathus_monstrosus"
"257","HP3","Pteropodidae","Micropteropus","Micropteropus_pusillus","Ebolavirus","","Micropteropus_pusillus"
"258","HP3","Pteropodidae","Myonycteris","Myonycteris_torquata","Ebolavirus","","Myonycteris_torquata"
"259","HP3","Pteropodidae","Rousettus","Rousettus_aegyptiacus","Ebolavirus","","Rousettus_aegyptiacus"
"260","HP3","Molossidae","Chaerephon","Chaerephon_pusillus","Flavivirus","","Chaerephon_pumilus"
"261","HP3","Pteropodidae","Cynopterus","Cynopterus_brachyotis","Flavivirus","","Cynopterus_brachyotis"
"262","HP3","Pteropodidae","Macroglossus","Macroglossus_minimus","Flavivirus","","Macroglossus_minimus"
"263","HP3","Vespertilionidae","Scotophilus","Scotophilus_nigrita","Flavivirus","","Scotophilus_nigrita"
"264","HP3","Emballonuridae","Taphozous","Taphozous_perforatus","Flavivirus","","Taphozous_perforatus"
"265","HP3","Phyllostomidae","Anoura","Anoura_geoffroyi","Flavivirus","","Anoura_geoffroyi"
"266","HP3","Phyllostomidae","Dermanura","Dermanura_cinerea","Flavivirus","","Artibeus_cinereus"
"267","HP3","Phyllostomidae","Artibeus","Artibeus_jamaicensis","Flavivirus","","Artibeus_jamaicensis"
"268","HP3","Phyllostomidae","Artibeus","Artibeus_lituratus","Flavivirus","","Artibeus_lituratus"
"269","HP3","Phyllostomidae","Carollia","Carollia_brevicauda","Flavivirus","","Carollia_brevicauda"
"270","HP3","Phyllostomidae","Carollia","Carollia_perspicillata","Flavivirus","","Carollia_perspicillata"
"271","HP3","Phyllostomidae","Desmodus","Desmodus_rotundus","Flavivirus","","Desmodus_rotundus"
"272","HP3","Molossidae","Molossus","Molossus_molossus","Flavivirus","","Molossus_molossus"
"273","HP3","Molossidae","Molossus","Molossus_rufus","Flavivirus","","Molossus_rufus"
"274","HP3","Vespertilionidae","Myotis","Myotis_nigricans","Flavivirus","","Myotis_nigricans"
"275","HP3","Natalidae","Natalus","Natalus_stramineus","Flavivirus","","Natalus_stramineus"
"276","HP3","Phyllostomidae","Phyllostomus","Phyllostomus_hastatus","Flavivirus","","Phyllostomus_hastatus"
"277","HP3","Mormoopidae","Pteronotus","Pteronotus_davyi","Flavivirus","","Pteronotus_davyi"
"278","HP3","Mormoopidae","Pteronotus","Pteronotus_parnellii","Flavivirus","","Pteronotus_parnellii"
"279","HP3","Pteropodidae","Pteropus","Pteropus_alecto","Flavivirus","","Pteropus_alecto"
"280","HP3","Pteropodidae","Pteropus","Pteropus_scapulatus","Flavivirus","","Pteropus_scapulatus"
"281","HP3","Pteropodidae","Rousettus","Rousettus_leschenaultii","Flavivirus","","Rousettus_leschenaultii"
"282","HP3","Vespertilionidae","Scotophilus","Scotophilus_kuhlii","Flavivirus","","Scotophilus_kuhlii"
"283","HP3","Phyllostomidae","Sturnira","Sturnira_lilium","Flavivirus","","Sturnira_lilium"
"284","HP3","Vespertilionidae","Pipistrellus","Pipistrellus_pipistrellus","Flavivirus","","Pipistrellus_pipistrellus"
"285","HP3","Phyllostomidae","Glossophaga","Glossophaga_soricina","Flavivirus","","Glossophaga_soricina"
"286","HP3","Natalidae","Natalus","Natalus_tumidirostris","Flavivirus","","Natalus_tumidirostris"
"287","HP3","Phyllostomidae","Platyrrhinus","Platyrrhinus_helleri","Flavivirus","","Platyrrhinus_helleri"
"288","HP3","Pteropodidae","Cynopterus","Cynopterus_sphinx","Flavivirus","","Cynopterus_sphinx"
"289","HP3","Hipposideridae","Hipposideros","Hipposideros_armiger","Flavivirus","","Hipposideros_armiger"
"290","HP3","Hipposideridae","Hipposideros","Hipposideros_bicolor","Flavivirus","","Hipposideros_bicolor"
"291","HP3","Hipposideridae","Hipposideros","Hipposideros_cineraceus","Flavivirus","","Hipposideros_cineraceus"
"292","HP3","Hipposideridae","Hipposideros","Hipposideros_pomona","Flavivirus","","Hipposideros_pomona"
"293","HP3","Hipposideridae","Hipposideros","Hipposideros_speoris","Flavivirus","","Hipposideros_speoris"
"294","HP3","Miniopteridae","Miniopterus","Miniopterus_fuliginosus","Flavivirus","","Miniopterus_schreibersii"
"295","HP3","Miniopteridae","Miniopterus","Miniopterus_schreibersii","Flavivirus","","Miniopterus_schreibersii"
"296","HP3","Vespertilionidae","Murina","Murina_aurata","Flavivirus","","Murina_aurata"
"297","HP3","Vespertilionidae","Murina","Murina_leucogaster","Flavivirus","","Murina_leucogaster"
"298","HP3","Vespertilionidae","Myotis","Myotis_macrodactylus","Flavivirus","","Myotis_macrodactylus"
"299","HP3","Vespertilionidae","Myotis","Myotis_mystacinus","Flavivirus","","Myotis_mystacinus"
"300","HP3","Vespertilionidae","Pipistrellus","Pipistrellus_abramus","Flavivirus","","Pipistrellus_abramus"
"301","HP3","Vespertilionidae","Plecotus","Plecotus_auritus","Flavivirus","","Plecotus_auritus"
"302","HP3","Rhinolophidae","Rhinolophus","Rhinolophus_ferrumequinum","Flavivirus","","Rhinolophus_ferrumequinum"
"303","HP3","Rhinolophidae","Rhinolophus","Rhinolophus_pusillus","Flavivirus","","Rhinolophus_pusillus"
"304","HP3","Rhinolophidae","Rhinolophus","Rhinolophus_rouxii","Flavivirus","","Rhinolophus_rouxii"
"305","HP3","Emballonuridae","Taphozous","Taphozous_melanopogon","Flavivirus","","Taphozous_melanopogon"
"306","HP3","Vespertilionidae","Vespertilio","Vespertilio_sinensis","Flavivirus","","Vespertilio_sinensis"
"307","HP3","Pteropodidae","Eonycteris","Eonycteris_spelaea","Flavivirus","","Eonycteris_spelaea"
"308","HP3","Hipposideridae","Hipposideros","Hipposideros_lankadiva","Flavivirus","","Hipposideros_lankadiva"
"309","HP3","Vespertilionidae","Myotis","Myotis_lucifugus","Flavivirus","","Myotis_lucifugus"
"310","HP3","Vespertilionidae","Vespadelus","Vespadelus_pumilus","Flavivirus","","Vespadelus_pumilus"
"311","HP3","Phyllostomidae","Dermanura","Dermanura_phaeotis","Flavivirus","","Artibeus_phaeotis"
"312","HP3","Phyllostomidae","Dermanura","Dermanura_tolteca","Flavivirus","","Artibeus_toltecus"
"313","HP3","Vespertilionidae","Eptesicus","Eptesicus_fuscus","Flavivirus","","Eptesicus_fuscus"
"314","HP3","Mormoopidae","Mormoops","Mormoops_megalophylla","Flavivirus","","Mormoops_megalophylla"
"315","HP3","Phyllostomidae","Phyllostomus","Phyllostomus_discolor","Flavivirus","","Phyllostomus_discolor"
"316","HP3","Molossidae","Tadarida","Tadarida_brasiliensis","Flavivirus","","Tadarida_brasiliensis"
"317","HP3","Nycteridae","Nycteris","Nycteris_gambiensis","Flavivirus","","Nycteris_gambiensis"
"318","HP3","Phyllostomidae","Sturnira","Sturnira_tildae","Flavivirus","","Sturnira_tildae"
"319","HP3","Phyllostomidae","Mimon","Mimon_crenulatum","Flavivirus","","Mimon_crenulatum"
"320","HP3","Phyllostomidae","Uroderma","Uroderma_bilobatum","Flavivirus","","Uroderma_bilobatum"
"321","HP3","Pteropodidae","Pteropus","Pteropus_vampyrus","Flavivirus","","Pteropus_vampyrus"
"322","HP3","Vespertilionidae","Barbastella","Barbastella_barbastellus","Flavivirus","","Barbastella_barbastellus"
"323","HP3","Pteropodidae","Eidolon","Eidolon_helvum","Flavivirus","","Eidolon_helvum"
"324","HP3","Vespertilionidae","Myotis","Myotis_septentrionalis","Flavivirus","","Myotis_septentrionalis"
"325","HP3","Pteropodidae","Rousettus","Rousettus_aegyptiacus","Flavivirus","","Rousettus_aegyptiacus"
"326","HP3","Pteropodidae","Dobsonia","Dobsonia_anderseni","Henipavirus","","Dobsonia_anderseni"
"327","HP3","Pteropodidae","Dobsonia","Dobsonia_moluccensis","Henipavirus","","Dobsonia_moluccensis"
"328","HP3","Pteropodidae","Eidolon","Eidolon_dupreanum","Henipavirus","","Eidolon_dupreanum"
"329","HP3","Pteropodidae","Eidolon","Eidolon_helvum","Henipavirus","","Eidolon_helvum"
"330","HP3","Pteropodidae","Pteropus","Pteropus_admiralitatum","Henipavirus","","Pteropus_admiralitatum"
"331","HP3","Pteropodidae","Pteropus","Pteropus_alecto","Henipavirus","","Pteropus_alecto"
"332","HP3","Pteropodidae","Pteropus","Pteropus_capistratus","Henipavirus","","Pteropus_capistratus"
"333","HP3","Pteropodidae","Pteropus","Pteropus_conspicillatus","Henipavirus","","Pteropus_conspicillatus"
"334","HP3","Pteropodidae","Pteropus","Pteropus_hypomelanus","Henipavirus","","Pteropus_hypomelanus"
"335","HP3","Pteropodidae","Pteropus","Pteropus_neohibernicus","Henipavirus","","Pteropus_neohibernicus"
"336","HP3","Pteropodidae","Pteropus","Pteropus_poliocephalus","Henipavirus","","Pteropus_poliocephalus"
"337","HP3","Pteropodidae","Pteropus","Pteropus_rufus","Henipavirus","","Pteropus_rufus"
"338","HP3","Pteropodidae","Pteropus","Pteropus_scapulatus","Henipavirus","","Pteropus_scapulatus"
"339","HP3","Pteropodidae","Cynopterus","Cynopterus_brachyotis","Henipavirus","","Cynopterus_brachyotis"
"340","HP3","Pteropodidae","Eonycteris","Eonycteris_spelaea","Henipavirus","","Eonycteris_spelaea"
"341","HP3","Pteropodidae","Epomophorus","Epomophorus_gambianus","Henipavirus","","Epomophorus_gambianus"
"342","HP3","Hipposideridae","Hipposideros","Hipposideros_armiger","Henipavirus","","Hipposideros_armiger"
"343","HP3","Hipposideridae","Hipposideros","Hipposideros_larvatus","Henipavirus","","Hipposideros_larvatus"
"344","HP3","Hipposideridae","Hipposideros","Hipposideros_pomona","Henipavirus","","Hipposideros_pomona"
"345","HP3","Pteropodidae","Hypsignathus","Hypsignathus_monstrosus","Henipavirus","","Hypsignathus_monstrosus"
"346","HP3","Vespertilionidae","Myotis","Myotis_daubentonii","Henipavirus","","Myotis_daubentonii"
"347","HP3","Vespertilionidae","Myotis","Myotis_pilosus","Henipavirus","","Myotis_ricketti"
"348","HP3","Pteropodidae","Pteropus","Pteropus_giganteus","Henipavirus","","Pteropus_giganteus"
"349","HP3","Pteropodidae","Pteropus","Pteropus_lylei","Henipavirus","","Pteropus_lylei"
"350","HP3","Pteropodidae","Pteropus","Pteropus_vampyrus","Henipavirus","","Pteropus_vampyrus"
"351","HP3","Rhinolophidae","Rhinolophus","Rhinolophus_affinis","Henipavirus","","Rhinolophus_affinis"
"352","HP3","Rhinolophidae","Rhinolophus","Rhinolophus_sinicus","Henipavirus","","Rhinolophus_sinicus"
"353","HP3","Pteropodidae","Rousettus","Rousettus_leschenaultii","Henipavirus","","Rousettus_leschenaultii"
"354","HP3","Vespertilionidae","Scotophilus","Scotophilus_kuhlii","Henipavirus","","Scotophilus_kuhlii"
"355","HP3","Vespertilionidae","Myotis","Myotis_blythii","Lyssavirus","","Myotis_blythii"
"356","HP3","Pteropodidae","Pteropus","Pteropus_giganteus","Lyssavirus","","Pteropus_giganteus"
"357","HP3","Pteropodidae","Pteropus","Pteropus_lylei","Lyssavirus","","Pteropus_lylei"
"358","HP3","Pteropodidae","Eonycteris","Eonycteris_spelaea","Lyssavirus","","Eonycteris_spelaea"
"359","HP3","Miniopteridae","Miniopterus","Miniopterus_schreibersii","Lyssavirus","","Miniopterus_schreibersii"
"360","HP3","Vespertilionidae","Philetor","Philetor_brachypterus","Lyssavirus","","Philetor_brachypterus"
"361","HP3","Pteropodidae","Pteropus","Pteropus_alecto","Lyssavirus","","Pteropus_alecto"
"362","HP3","Pteropodidae","Pteropus","Pteropus_conspicillatus","Lyssavirus","","Pteropus_conspicillatus"
"363","HP3","Pteropodidae","Pteropus","Pteropus_hypomelanus","Lyssavirus","","Pteropus_hypomelanus"
"364","HP3","Pteropodidae","Pteropus","Pteropus_poliocephalus","Lyssavirus","","Pteropus_poliocephalus"
"365","HP3","Pteropodidae","Pteropus","Pteropus_scapulatus","Lyssavirus","","Pteropus_scapulatus"
"366","HP3","Pteropodidae","Rousettus","Rousettus_amplexicaudatus","Lyssavirus","","Rousettus_amplexicaudatus"
"367","HP3","Emballonuridae","Saccolaimus","Saccolaimus_flaviventris","Lyssavirus","","Saccolaimus_flaviventris"
"368","HP3","Emballonuridae","Saccolaimus","Saccolaimus_saccolaimus","Lyssavirus","","Saccolaimus_saccolaimus"
"369","HP3","Vespertilionidae","Scotophilus","Scotophilus_kuhlii","Lyssavirus","","Scotophilus_kuhlii"
"370","HP3","Emballonuridae","Taphozous","Taphozous_melanopogon","Lyssavirus","","Taphozous_melanopogon"
"371","HP3","Vespertilionidae","Nyctalus","Nyctalus_noctula","Lyssavirus","","Nyctalus_noctula"
"372","HP3","Nycteridae","Nycteris","Nycteris_thebaica","Lyssavirus","","Nycteris_thebaica"
"373","HP3","Vespertilionidae","Vespertilio","Vespertilio_murinus","Lyssavirus","","Vespertilio_murinus"
"374","HP3","Vespertilionidae","Barbastella","Barbastella_barbastellus","Lyssavirus","","Barbastella_barbastellus"
"375","HP3","Vespertilionidae","Eptesicus","Eptesicus_serotinus","Lyssavirus","","Eptesicus_serotinus"
"376","HP3","Vespertilionidae","Myotis","Myotis_dasycneme","Lyssavirus","","Myotis_dasycneme"
"377","HP3","Vespertilionidae","Myotis","Myotis_daubentonii","Lyssavirus","","Myotis_daubentonii"
"378","HP3","Vespertilionidae","Myotis","Myotis_myotis","Lyssavirus","","Myotis_myotis"
"379","HP3","Vespertilionidae","Myotis","Myotis_nattereri","Lyssavirus","","Myotis_nattereri"
"380","HP3","Vespertilionidae","Pipistrellus","Pipistrellus_nathusii","Lyssavirus","","Pipistrellus_nathusii"
"381","HP3","Vespertilionidae","Pipistrellus","Pipistrellus_pipistrellus","Lyssavirus","","Pipistrellus_pipistrellus"
"382","HP3","Vespertilionidae","Plecotus","Plecotus_auritus","Lyssavirus","","Plecotus_auritus"
"383","HP3","Rhinolophidae","Rhinolophus","Rhinolophus_ferrumequinum","Lyssavirus","","Rhinolophus_ferrumequinum"
"384","HP3","Pteropodidae","Rousettus","Rousettus_aegyptiacus","Lyssavirus","","Rousettus_aegyptiacus"
"385","HP3","Molossidae","Tadarida","Tadarida_teniotis","Lyssavirus","","Tadarida_teniotis"
"386","HP3","Vespertilionidae","Murina","Murina_leucogaster","Lyssavirus","","Murina_leucogaster"
"387","HP3","Vespertilionidae","Myotis","Myotis_mystacinus","Lyssavirus","","Myotis_mystacinus"
"388","HP3","Pteropodidae","Cynopterus","Cynopterus_sphinx","Lyssavirus","","Cynopterus_sphinx"
"389","HP3","Pteropodidae","Eidolon","Eidolon_helvum","Lyssavirus","","Eidolon_helvum"
"390","HP3","Pteropodidae","Epomophorus","Epomophorus_gambianus","Lyssavirus","","Epomophorus_gambianus"
"391","HP3","Pteropodidae","Epomophorus","Epomophorus_wahlbergi","Lyssavirus","","Epomophorus_wahlbergi"
"392","HP3","Pteropodidae","Epomops","Epomops_dobsonii","Lyssavirus","","Epomops_dobsonii"
"393","HP3","Pteropodidae","Micropteropus","Micropteropus_pusillus","Lyssavirus","","Micropteropus_pusillus"
"394","HP3","Nycteridae","Nycteris","Nycteris_gambiensis","Lyssavirus","","Nycteris_gambiensis"
"395","HP3","Vespertilionidae","Antrozous","Antrozous_pallidus","Lyssavirus","","Antrozous_pallidus"
"396","HP3","Phyllostomidae","Dermanura","Dermanura_cinerea","Lyssavirus","","Artibeus_cinereus"
"397","HP3","Phyllostomidae","Artibeus","Artibeus_fimbriatus","Lyssavirus","","Artibeus_fimbriatus"
"398","HP3","Phyllostomidae","Artibeus","Artibeus_jamaicensis","Lyssavirus","","Artibeus_jamaicensis"
"399","HP3","Phyllostomidae","Artibeus","Artibeus_lituratus","Lyssavirus","","Artibeus_lituratus"
"400","HP3","Phyllostomidae","Dermanura","Dermanura_phaeotis","Lyssavirus","","Artibeus_phaeotis"
"401","HP3","Phyllostomidae","Artibeus","Artibeus_planirostris","Lyssavirus","","Artibeus_jamaicensis"
"402","HP3","Phyllostomidae","Carollia","Carollia_perspicillata","Lyssavirus","","Carollia_perspicillata"
"403","HP3","Phyllostomidae","Chrotopterus","Chrotopterus_auritus","Lyssavirus","","Chrotopterus_auritus"
"404","HP3","Vespertilionidae","Corynorhinus","Corynorhinus_townsendii","Lyssavirus","","Corynorhinus_townsendii"
"405","HP3","Molossidae","Cynomops","Cynomops_abrasus","Lyssavirus","","Cynomops_abrasus"
"406","HP3","Molossidae","Cynomops","Cynomops_planirostris","Lyssavirus","","Cynomops_planirostris"
"407","HP3","Pteropodidae","Cynopterus","Cynopterus_brachyotis","Lyssavirus","","Cynopterus_brachyotis"
"408","HP3","Phyllostomidae","Desmodus","Desmodus_rotundus","Lyssavirus","","Desmodus_rotundus"
"409","HP3","Phyllostomidae","Diaemus","Diaemus_youngi","Lyssavirus","","Diaemus_youngi"
"410","HP3","Emballonuridae","Diclidurus","Diclidurus_albus","Lyssavirus","","Diclidurus_albus"
"411","HP3","Phyllostomidae","Diphylla","Diphylla_ecaudata","Lyssavirus","","Diphylla_ecaudata"
"412","HP3","Vespertilionidae","Eptesicus","Eptesicus_brasiliensis","Lyssavirus","","Eptesicus_brasiliensis"
"413","HP3","Vespertilionidae","Eptesicus","Eptesicus_diminutus","Lyssavirus","","Eptesicus_diminutus"
"414","HP3","Vespertilionidae","Eptesicus","Eptesicus_furinalis","Lyssavirus","","Eptesicus_furinalis"
"415","HP3","Vespertilionidae","Eptesicus","Eptesicus_fuscus","Lyssavirus","","Eptesicus_fuscus"
"416","HP3","Vespertilionidae","Euderma","Euderma_maculatum","Lyssavirus","","Euderma_maculatum"
"417","HP3","Molossidae","Eumops","Eumops_auripendulus","Lyssavirus","","Eumops_auripendulus"
"418","HP3","Molossidae","Eumops","Eumops_glaucinus","Lyssavirus","","Eumops_glaucinus"
"419","HP3","Molossidae","Eumops","Eumops_patagonicus","Lyssavirus","","Eumops_patagonicus"
"420","HP3","Molossidae","Eumops","Eumops_perotis","Lyssavirus","","Eumops_perotis"
"421","HP3","Phyllostomidae","Glossophaga","Glossophaga_longirostris","Lyssavirus","","Glossophaga_longirostris"
"422","HP3","Phyllostomidae","Glossophaga","Glossophaga_morenoi","Lyssavirus","","Glossophaga_morenoi"
"423","HP3","Phyllostomidae","Glossophaga","Glossophaga_soricina","Lyssavirus","","Glossophaga_soricina"
"424","HP3","Vespertilionidae","Histiotus","Histiotus_montanus","Lyssavirus","","Histiotus_montanus"
"425","HP3","Vespertilionidae","Histiotus","Histiotus_velatus","Lyssavirus","","Histiotus_velatus"
"426","HP3","Vespertilionidae","Lasionycteris","Lasionycteris_noctivagans","Lyssavirus","","Lasionycteris_noctivagans"
"427","HP3","Vespertilionidae","Lasiurus","Lasiurus_blossevillii","Lyssavirus","","Lasiurus_blossevillii"
"428","HP3","Vespertilionidae","Lasiurus","Lasiurus_borealis","Lyssavirus","","Lasiurus_borealis"
"429","HP3","Vespertilionidae","Lasiurus","Lasiurus_cinereus","Lyssavirus","","Lasiurus_cinereus"
"430","HP3","Vespertilionidae","Lasiurus","Lasiurus_ega","Lyssavirus","","Lasiurus_ega"
"431","HP3","Vespertilionidae","Lasiurus","Lasiurus_egregius","Lyssavirus","","Lasiurus_egregius"
"432","HP3","Vespertilionidae","Lasiurus","Lasiurus_intermedius","Lyssavirus","","Lasiurus_intermedius"
"433","HP3","Vespertilionidae","Lasiurus","Lasiurus_seminolus","Lyssavirus","","Lasiurus_seminolus"
"434","HP3","Vespertilionidae","Lasiurus","Lasiurus_xanthinus","Lyssavirus","","Lasiurus_xanthinus"
"435","HP3","Phyllostomidae","Leptonycteris","Leptonycteris_curasoae","Lyssavirus","","Leptonycteris_curasoae"
"436","HP3","Phyllostomidae","Leptonycteris","Leptonycteris_nivalis","Lyssavirus","","Leptonycteris_nivalis"
"437","HP3","Phyllostomidae","Macrotus","Macrotus_californicus","Lyssavirus","","Macrotus_californicus"
"438","HP3","Phyllostomidae","Micronycteris","Micronycteris_megalotis","Lyssavirus","","Micronycteris_megalotis"
"439","HP3","Molossidae","Molossops","Molossops_neglectus","Lyssavirus","","Molossops_neglectus"
"440","HP3","Molossidae","Molossus","Molossus_molossus","Lyssavirus","","Molossus_molossus"
"441","HP3","Molossidae","Molossus","Molossus_rufus","Lyssavirus","","Molossus_rufus"
"442","HP3","Mormoopidae","Mormoops","Mormoops_megalophylla","Lyssavirus","","Mormoops_megalophylla"
"443","HP3","Vespertilionidae","Myotis","Myotis_albescens","Lyssavirus","","Myotis_albescens"
"444","HP3","Vespertilionidae","Myotis","Myotis_austroriparius","Lyssavirus","","Myotis_austroriparius"
"445","HP3","Vespertilionidae","Myotis","Myotis_californicus","Lyssavirus","","Myotis_californicus"
"446","HP3","Vespertilionidae","Myotis","Myotis_chiloensis","Lyssavirus","","Myotis_chiloensis"
"447","HP3","Vespertilionidae","Myotis","Myotis_evotis","Lyssavirus","","Myotis_evotis"
"448","HP3","Vespertilionidae","Myotis","Myotis_grisescens","Lyssavirus","","Myotis_grisescens"
"449","HP3","Vespertilionidae","Myotis","Myotis_keenii","Lyssavirus","","Myotis_keenii"
"450","HP3","Vespertilionidae","Myotis","Myotis_leibii","Lyssavirus","","Myotis_leibii"
"451","HP3","Vespertilionidae","Myotis","Myotis_levis","Lyssavirus","","Myotis_levis"
"452","HP3","Vespertilionidae","Myotis","Myotis_lucifugus","Lyssavirus","","Myotis_lucifugus"
"453","HP3","Vespertilionidae","Myotis","Myotis_nigricans","Lyssavirus","","Myotis_nigricans"
"454","HP3","Vespertilionidae","Myotis","Myotis_riparius","Lyssavirus","","Myotis_riparius"
"455","HP3","Vespertilionidae","Myotis","Myotis_septentrionalis","Lyssavirus","","Myotis_septentrionalis"
"456","HP3","Vespertilionidae","Myotis","Myotis_thysanodes","Lyssavirus","","Myotis_thysanodes"
"457","HP3","Vespertilionidae","Myotis","Myotis_velifer","Lyssavirus","","Myotis_velifer"
"458","HP3","Vespertilionidae","Myotis","Myotis_volans","Lyssavirus","","Myotis_volans"
"459","HP3","Vespertilionidae","Myotis","Myotis_yumanensis","Lyssavirus","","Myotis_yumanensis"
"460","HP3","Vespertilionidae","Nycticeius","Nycticeius_humeralis","Lyssavirus","","Nycticeius_humeralis"
"461","HP3","Molossidae","Nyctinomops","Nyctinomops_laticaudatus","Lyssavirus","","Nyctinomops_laticaudatus"
"462","HP3","Molossidae","Nyctinomops","Nyctinomops_macrotis","Lyssavirus","","Nyctinomops_macrotis"
"463","HP3","Phyllostomidae","Phyllostomus","Phyllostomus_hastatus","Lyssavirus","","Phyllostomus_hastatus"
"464","HP3","Vespertilionidae","Parastrellus","Parastrellus_hesperus","Lyssavirus","","Pipistrellus_hesperus"
"465","HP3","Vespertilionidae","Perimyotis","Perimyotis_subflavus","Lyssavirus","","Pipistrellus_subflavus"
"466","HP3","Phyllostomidae","Platyrrhinus","Platyrrhinus_lineatus","Lyssavirus","","Platyrrhinus_lineatus"
"467","HP3","Mormoopidae","Pteronotus","Pteronotus_davyi","Lyssavirus","","Pteronotus_davyi"
"468","HP3","Mormoopidae","Pteronotus","Pteronotus_parnellii","Lyssavirus","","Pteronotus_parnellii"
"469","HP3","Rhinolophidae","Rhinolophus","Rhinolophus_pusillus","Lyssavirus","","Rhinolophus_pusillus"
"470","HP3","Pteropodidae","Rousettus","Rousettus_leschenaultii","Lyssavirus","","Rousettus_leschenaultii"
"471","HP3","Phyllostomidae","Sturnira","Sturnira_lilium","Lyssavirus","","Sturnira_lilium"
"472","HP3","Molossidae","Tadarida","Tadarida_brasiliensis","Lyssavirus","","Tadarida_brasiliensis"
"473","HP3","Phyllostomidae","Uroderma","Uroderma_bilobatum","Lyssavirus","","Uroderma_bilobatum"
"474","HP3","Pteropodidae","Epomops","Epomops_franqueti","Marburgvirus","","Epomops_franqueti"
"475","HP3","Pteropodidae","Hypsignathus","Hypsignathus_monstrosus","Marburgvirus","","Hypsignathus_monstrosus"
"476","HP3","Miniopteridae","Miniopterus","Miniopterus_inflatus","Marburgvirus","","Miniopterus_inflatus"
"477","HP3","Rhinolophidae","Rhinolophus","Rhinolophus_eloquens","Marburgvirus","","Rhinolophus_eloquens"
"478","HP3","Pteropodidae","Rousettus","Rousettus_aegyptiacus","Marburgvirus","","Rousettus_aegyptiacus"
"479","HP3","Nycteridae","Nycteris","Nycteris_gambiensis","Orbivirus","","Nycteris_gambiensis"
"480","HP3","Nycteridae","Nycteris","Nycteris_nana","Orbivirus","","Nycteris_nana"
"481","HP3","Pteropodidae","Eidolon","Eidolon_helvum","Orbivirus","","Eidolon_helvum"
"482","HP3","Pteropodidae","Syconycteris","Syconycteris_australis","Orbivirus","","Syconycteris_australis"
"483","HP3","Phyllostomidae","Anoura","Anoura_geoffroyi","Orthobunyavirus","","Anoura_geoffroyi"
"484","HP3","Phyllostomidae","Carollia","Carollia_perspicillata","Orthobunyavirus","","Carollia_perspicillata"
"485","HP3","Natalidae","Natalus","Natalus_tumidirostris","Orthobunyavirus","","Natalus_tumidirostris"
"486","HP3","Phyllostomidae","Phyllostomus","Phyllostomus_hastatus","Orthobunyavirus","","Phyllostomus_hastatus"
"487","HP3","Mormoopidae","Pteronotus","Pteronotus_parnellii","Orthobunyavirus","","Pteronotus_parnellii"
"488","HP3","Pteropodidae","Cynopterus","Cynopterus_sphinx","Orthobunyavirus","","Cynopterus_sphinx"
"489","HP3","Pteropodidae","Eidolon","Eidolon_helvum","Orthobunyavirus","","Eidolon_helvum"
"490","HP3","Vespertilionidae","Myotis","Myotis_keenii","Orthobunyavirus","","Myotis_keenii"
"491","HP3","Vespertilionidae","Myotis","Myotis_septentrionalis","Orthobunyavirus","","Myotis_septentrionalis"
"492","HP3","Phyllostomidae","Artibeus","Artibeus_lituratus","Orthobunyavirus","","Artibeus_lituratus"
"493","HP3","Molossidae","Molossus","Molossus_molossus","Orthobunyavirus","","Molossus_molossus"
"494","HP3","Molossidae","Tadarida","Tadarida_plicatus","Orthobunyavirus","","Chaerephon_plicatus"
"495","HP3","Emballonuridae","Taphozous","Taphozous_perforatus","Orthobunyavirus","","Taphozous_perforatus"
"496","HP3","Emballonuridae","Taphozous","Taphozous_theobaldi","Orthobunyavirus","","Taphozous_theobaldi"
"497","HP3","Molossidae","Molossus","Molossus_rufus","Orthobunyavirus","","Molossus_rufus"
"498","HP3","Phyllostomidae","Artibeus","Artibeus_jamaicensis","Orthobunyavirus","","Artibeus_jamaicensis"
"499","HP3","Pteropodidae","Epomophorus","Epomophorus_labiatus","Orthobunyavirus","","Epomophorus_labiatus"
"500","HP3","Pteropodidae","Epomops","Epomops_franqueti","Orthobunyavirus","","Epomops_franqueti"
"501","HP3","Pteropodidae","Rousettus","Rousettus_aegyptiacus","Orthobunyavirus","","Rousettus_aegyptiacus"
"502","HP3","Phyllostomidae","Uroderma","Uroderma_bilobatum","Orthohepadnavirus","","Uroderma_bilobatum"
"503","HP3","Pteropodidae","Pteropus","Pteropus_poliocephalus","Orthoreovirus","","Pteropus_poliocephalus"
"504","HP3","Pteropodidae","Rousettus","Rousettus_leschenaultii","Orthoreovirus","","Rousettus_leschenaultii"
"505","HP3","Phyllostomidae","Artibeus","Artibeus_lituratus","Phlebovirus","","Artibeus_lituratus"
"506","HP3","Pteropodidae","Epomops","Epomops_franqueti","Phlebovirus","","Epomops_franqueti"
"507","HP3","Vespertilionidae","Glauconycteris","Glauconycteris_argentata","Phlebovirus","","Glauconycteris_argentata"
"508","HP3","Hipposideridae","Hipposideros","Hipposideros_abae","Phlebovirus","","Hipposideros_abae"
"509","HP3","Hipposideridae","Hipposideros","Hipposideros_caffer","Phlebovirus","","Hipposideros_caffer"
"510","HP3","Pteropodidae","Micropteropus","Micropteropus_pusillus","Phlebovirus","","Micropteropus_pusillus"
"511","HP3","Miniopteridae","Miniopterus","Miniopterus_schreibersii","Phlebovirus","","Miniopterus_schreibersii"
"512","HP3","Vespertilionidae","Pipistrellus","Pipistrellus_kuhlii","Phlebovirus","","Pipistrellus_kuhlii"
"513","HP3","Phyllostomidae","Phyllostomus","Phyllostomus_hastatus","Vesiculovirus","","Phyllostomus_hastatus"
"514","HP3","Phyllostomidae","Artibeus","Artibeus_lituratus","Vesiculovirus","","Artibeus_lituratus"
"515","HP3","Rhinolophidae","Rhinolophus","Rhinolophus_eloquens","Vesiculovirus","","Rhinolophus_eloquens"
"516","HP3","Rhinolophidae","Rhinolophus","Rhinolophus_hildebrandtii","Vesiculovirus","","Rhinolophus_hildebrandtii"
"517","HP3","Phyllostomidae","Artibeus","Artibeus_jamaicensis","Vesiculovirus","","Artibeus_jamaicensis"
"518","HP3","Phyllostomidae","Dermanura","Dermanura_phaeotis","Vesiculovirus","","Artibeus_phaeotis"
"519","HP3","Phyllostomidae","Carollia","Carollia_perspicillata","Vesiculovirus","","Carollia_perspicillata"
"520","HP3","Phyllostomidae","Desmodus","Desmodus_rotundus","Vesiculovirus","","Desmodus_rotundus"
"521","HP3","Phyllostomidae","Glossophaga","Glossophaga_soricina","Vesiculovirus","","Glossophaga_soricina"
"522","HP3","Phyllostomidae","Lonchophylla","Lonchophylla_robusta","Vesiculovirus","","Lonchophylla_robusta"
"523","HP3","Phyllostomidae","Lophostoma","Lophostoma_silvicolum","Vesiculovirus","","Lophostoma_silvicolum"
"524","HP3","Phyllostomidae","Sturnira","Sturnira_lilium","Vesiculovirus","","Sturnira_lilium"
"525","HP3","Phyllostomidae","Vampyrodes","Vampyrodes_caraccioli","Vesiculovirus","","Vampyrodes_caraccioli"